timestamp,open,high,low,close,volume
2026-08-03T09:30:00,460.00,462.08,458.58,459.73,63452
2026-08-03T10:00:00,459.73,461.86,458.16,461.82,58161
2026-08-03T10:30:00,461.82,464.95,461.10,462.50,193334
2026-08-03T11:00:00,462.50,464.47,458.46,460.41,127875
2026-08-03T11:30:00,460.41,460.94,455.54,458.13,71445
2026-08-03T12:00:00,458.13,460.19,456.85,457.26,182073
2026-08-03T12:30:00,457.26,459.37,453.30,455.57,195489
2026-08-03T13:00:00,455.57,458.43,453.93,455.90,142370
2026-08-03T13:30:00,455.90,458.42,451.97,454.50,147847
2026-08-03T14:00:00,454.50,455.00,450.36,452.26,122526
2026-08-03T14:30:00,452.26,454.40,450.05,450.39,77962
2026-08-03T15:00:00,450.39,451.71,448.95,450.43,83879
2026-08-03T15:30:00,450.43,451.39,446.39,448.07,151347
2026-08-04T09:30:00,448.07,450.51,444.32,447.00,149947
2026-08-04T10:00:00,447.00,448.60,446.69,446.70,213439
2026-08-04T10:30:00,446.70,447.64,444.99,445.84,162241
2026-08-04T11:00:00,445.84,446.85,441.84,443.66,222589
2026-08-04T11:30:00,443.66,444.07,442.13,443.72,201855
2026-08-04T12:00:00,443.72,448.27,441.60,446.38,64214
2026-08-04T12:30:00,446.38,446.53,442.23,444.64,65601
2026-08-04T13:00:00,444.64,446.34,439.93,442.45,190553
2026-08-04T13:30:00,442.45,446.24,442.21,443.81,196129
2026-08-04T14:00:00,443.81,444.80,441.27,443.46,119842
2026-08-04T14:30:00,443.46,446.05,441.06,442.96,152805
2026-08-04T15:00:00,442.96,444.82,440.74,441.82,133856
2026-08-04T15:30:00,441.82,443.31,438.26,440.25,155049
2026-08-05T09:30:00,440.25,442.33,438.25,440.96,229558
2026-08-05T10:00:00,440.96,442.55,439.76,440.58,222125
2026-08-05T10:30:00,440.58,442.42,440.18,441.31,162358
2026-08-05T11:00:00,441.31,443.78,439.15,440.84,225537
2026-08-05T11:30:00,440.84,441.08,439.25,440.37,161980
2026-08-05T12:00:00,440.37,443.19,440.09,441.11,62671
2026-08-05T12:30:00,441.11,441.39,439.02,440.23,191779
2026-08-05T13:00:00,440.23,441.56,438.01,438.79,173335
2026-08-05T13:30:00,438.79,442.75,436.63,440.73,69490
2026-08-05T14:00:00,440.73,442.19,439.37,441.42,133971
2026-08-05T14:30:00,441.42,443.13,438.21,440.74,160245
2026-08-05T15:00:00,440.74,444.83,440.34,443.15,74629
2026-08-05T15:30:00,443.15,444.31,442.42,442.61,171529
2026-08-06T09:30:00,442.61,444.35,440.85,442.72,87727
2026-08-06T10:00:00,442.72,445.78,442.54,444.38,221462
2026-08-06T10:30:00,444.38,447.13,442.87,446.95,232629
2026-08-06T11:00:00,446.95,449.47,446.19,447.94,149451
2026-08-06T11:30:00,447.94,451.42,447.57,450.24,55450
2026-08-06T12:00:00,450.24,454.76,450.13,452.34,246159
2026-08-06T12:30:00,452.34,454.20,449.42,451.85,108510
2026-08-06T13:00:00,451.85,453.84,450.60,451.27,139200
2026-08-06T13:30:00,451.27,455.84,449.49,453.52,236421
2026-08-06T14:00:00,453.52,455.22,450.92,452.37,98881
2026-08-06T14:30:00,452.37,454.99,447.26,449.95,61543
2026-08-06T15:00:00,449.95,451.81,447.65,447.85,188641
2026-08-06T15:30:00,447.85,449.21,446.14,446.34,247290
2026-08-07T09:30:00,446.34,448.70,445.44,448.57,73013
2026-08-07T10:00:00,448.57,451.28,445.58,446.79,61520
2026-08-07T10:30:00,446.79,449.60,446.47,447.24,177783
2026-08-07T11:00:00,447.24,448.88,446.47,446.79,139921
2026-08-07T11:30:00,446.79,451.36,444.13,449.40,77125
2026-08-07T12:00:00,449.40,450.16,447.70,450.09,138446
2026-08-07T12:30:00,450.09,452.37,447.44,451.75,190823
2026-08-07T13:00:00,451.75,453.70,449.48,452.39,103937
2026-08-07T13:30:00,452.39,452.97,452.05,452.09,82799
2026-08-07T14:00:00,452.09,453.88,449.96,451.32,75724
2026-08-07T14:30:00,451.32,454.36,449.72,452.12,98501
2026-08-07T15:00:00,452.12,452.36,448.61,450.74,78419
2026-08-07T15:30:00,450.74,450.75,446.54,448.25,209561
2026-08-10T09:30:00,448.25,449.29,446.47,447.40,149526
2026-08-10T10:00:00,447.40,450.93,445.86,449.06,56032
2026-08-10T10:30:00,449.06,451.56,449.00,449.38,182740
2026-08-10T11:00:00,449.38,449.97,447.19,448.78,120617
2026-08-10T11:30:00,448.78,453.75,446.25,451.56,230547
2026-08-10T12:00:00,451.56,454.22,448.81,453.88,91611
2026-08-10T12:30:00,453.88,455.23,453.36,454.55,225825
2026-08-10T13:00:00,454.55,455.96,450.37,452.97,159540
2026-08-10T13:30:00,452.97,454.15,449.37,450.85,170754
2026-08-10T14:00:00,450.85,454.22,448.33,453.56,243956
2026-08-10T14:30:00,453.56,455.15,449.86,452.14,204308
2026-08-10T15:00:00,452.14,454.84,448.68,450.74,161537
2026-08-10T15:30:00,450.74,451.22,447.27,448.43,195711
2026-08-11T09:30:00,448.43,450.80,446.07,446.17,232906
2026-08-11T10:00:00,446.17,448.26,445.90,447.41,74624
2026-08-11T10:30:00,447.41,449.07,445.83,447.49,162540
2026-08-11T11:00:00,447.49,448.90,445.85,445.88,63914
2026-08-11T11:30:00,445.88,446.90,444.53,446.62,81052
2026-08-11T12:00:00,446.62,447.95,445.35,447.26,50594
2026-08-11T12:30:00,447.26,448.75,444.83,447.92,59888
2026-08-11T13:00:00,447.92,449.47,444.24,446.39,164559
2026-08-11T13:30:00,446.39,449.40,446.17,447.54,56543
2026-08-11T14:00:00,447.54,449.33,445.80,446.61,204787
2026-08-11T14:30:00,446.61,446.99,442.96,445.04,159978
2026-08-11T15:00:00,445.04,447.48,442.29,445.09,235316
2026-08-11T15:30:00,445.09,447.11,444.70,446.21,189387
2026-08-12T09:30:00,446.21,447.85,442.30,445.01,193590
2026-08-12T10:00:00,445.01,446.63,442.28,444.55,223048
2026-08-12T10:30:00,444.55,447.06,442.02,444.79,238808
2026-08-12T11:00:00,444.79,447.38,444.53,444.99,159323
2026-08-12T11:30:00,444.99,446.08,441.80,443.36,161929
2026-08-12T12:00:00,443.36,445.89,442.26,445.59,234987
2026-08-12T12:30:00,445.59,446.30,444.00,445.10,177092
2026-08-12T13:00:00,445.10,446.86,442.56,445.80,70362
2026-08-12T13:30:00,445.80,447.48,442.63,444.28,149660
2026-08-12T14:00:00,444.28,447.97,441.83,445.88,197803
2026-08-12T14:30:00,445.88,446.69,443.34,445.22,53840
2026-08-12T15:00:00,445.22,447.64,443.45,444.00,130333
2026-08-12T15:30:00,444.00,445.10,442.92,444.29,171408
2026-08-13T09:30:00,444.29,445.55,442.42,443.72,89329
2026-08-13T10:00:00,443.72,446.90,441.26,445.92,96097
2026-08-13T10:30:00,445.92,449.58,444.45,447.74,73082
2026-08-13T11:00:00,447.74,450.31,443.65,445.84,249828
2026-08-13T11:30:00,445.84,446.66,442.37,444.59,176824
2026-08-13T12:00:00,444.59,445.04,441.37,442.98,149468
2026-08-13T12:30:00,442.98,444.76,440.85,440.88,165387
2026-08-13T13:00:00,440.88,444.38,438.94,443.04,128341
2026-08-13T13:30:00,443.04,445.19,441.17,444.58,56932
2026-08-13T14:00:00,444.58,445.83,443.70,444.47,179243
2026-08-13T14:30:00,444.47,446.58,442.60,444.99,111579
2026-08-13T15:00:00,444.99,445.11,443.20,443.58,222761
2026-08-13T15:30:00,443.58,446.61,441.13,444.65,71217
2026-08-14T09:30:00,444.65,445.23,442.64,445.01,189742
2026-08-14T10:00:00,445.01,447.57,442.27,447.32,203499
2026-08-14T10:30:00,447.32,449.42,445.01,445.89,66644
2026-08-14T11:00:00,445.89,448.59,442.94,443.56,233429
2026-08-14T11:30:00,443.56,446.37,443.46,445.58,207592
2026-08-14T12:00:00,445.58,449.87,444.39,447.13,235035
2026-08-14T12:30:00,447.13,450.17,446.86,449.81,187630
2026-08-14T13:00:00,449.81,452.77,449.04,451.81,146635
2026-08-14T13:30:00,451.81,452.98,450.02,451.93,246338
2026-08-14T14:00:00,451.93,453.66,447.36,449.89,229157
2026-08-14T14:30:00,449.89,454.36,449.51,451.79,94904
2026-08-14T15:00:00,451.79,453.42,450.90,451.18,108486
2026-08-14T15:30:00,451.18,452.94,450.12,450.17,90249
2026-08-17T09:30:00,450.17,451.87,446.19,448.84,57493
2026-08-17T10:00:00,448.84,451.08,445.40,447.59,113696
2026-08-17T10:30:00,447.59,449.47,445.60,447.84,76513
2026-08-17T11:00:00,447.84,448.49,447.12,447.29,126125
2026-08-17T11:30:00,447.29,447.39,442.42,444.92,234926
2026-08-17T12:00:00,444.92,446.55,443.81,444.51,238663
2026-08-17T12:30:00,444.51,446.31,442.75,443.48,178652
2026-08-17T13:00:00,443.48,444.17,439.21,441.42,98487
2026-08-17T13:30:00,441.42,441.48,438.58,440.47,177306
2026-08-17T14:00:00,440.47,440.91,437.82,439.46,226081
2026-08-17T14:30:00,439.46,441.20,436.06,438.53,104159
2026-08-17T15:00:00,438.53,440.83,435.25,437.33,160342
2026-08-17T15:30:00,437.33,440.94,436.69,439.14,181845
2026-08-18T09:30:00,439.14,440.82,436.80,437.11,172192
2026-08-18T10:00:00,437.11,438.51,435.49,438.08,209982
2026-08-18T10:30:00,438.08,440.72,435.39,435.58,187835
2026-08-18T11:00:00,435.58,436.17,432.85,433.56,61313
2026-08-18T11:30:00,433.56,436.74,432.22,435.80,111674
2026-08-18T12:00:00,435.80,438.44,432.36,434.52,220640
2026-08-18T12:30:00,434.52,437.21,430.63,432.22,128488
2026-08-18T13:00:00,432.22,434.26,430.95,431.38,139482
2026-08-18T13:30:00,431.38,434.32,429.61,433.98,239145
2026-08-18T14:00:00,433.98,435.04,430.60,432.59,186189
2026-08-18T14:30:00,432.59,435.62,431.23,434.30,229581
2026-08-18T15:00:00,434.30,435.83,433.59,434.77,94472
2026-08-18T15:30:00,434.77,437.27,434.77,435.31,95104
2026-08-19T09:30:00,435.31,440.14,433.81,437.64,235404
2026-08-19T10:00:00,437.64,440.53,436.69,439.84,220409
2026-08-19T10:30:00,439.84,440.89,438.35,439.13,248749
2026-08-19T11:00:00,439.13,441.84,436.79,439.68,185423
2026-08-19T11:30:00,439.68,441.88,434.78,437.15,158431
2026-08-19T12:00:00,437.15,437.97,435.02,437.05,245832
2026-08-19T12:30:00,437.05,437.52,435.64,436.43,88959
2026-08-19T13:00:00,436.43,437.08,431.77,434.23,146057
2026-08-19T13:30:00,434.23,434.99,431.53,432.97,248741
2026-08-19T14:00:00,432.97,438.16,432.42,435.48,243002
2026-08-19T14:30:00,435.48,437.81,432.61,433.43,190113
2026-08-19T15:00:00,433.43,437.88,432.61,435.40,166713
2026-08-19T15:30:00,435.40,439.07,433.81,437.07,121603
2026-08-20T09:30:00,437.07,439.54,435.36,437.53,193406
2026-08-20T10:00:00,437.53,439.67,433.29,436.03,182568
2026-08-20T10:30:00,436.03,437.38,432.66,434.26,77028
2026-08-20T11:00:00,434.26,437.69,433.49,435.54,142466
2026-08-20T11:30:00,435.54,437.84,433.21,435.57,247193
2026-08-20T12:00:00,435.57,437.92,434.79,436.92,50991
2026-08-20T12:30:00,436.92,436.99,434.45,435.17,231296
2026-08-20T13:00:00,435.17,436.34,431.43,434.15,217235
2026-08-20T13:30:00,434.15,435.56,431.02,432.32,103753
2026-08-20T14:00:00,432.32,436.86,431.52,434.26,170877
2026-08-20T14:30:00,434.26,437.66,434.25,435.80,170380
2026-08-20T15:00:00,435.80,437.07,434.53,436.19,149359
2026-08-20T15:30:00,436.19,438.86,433.73,434.29,201734
2026-08-21T09:30:00,434.29,434.45,431.77,433.95,94082
2026-08-21T10:00:00,433.95,434.36,430.02,432.05,226910
2026-08-21T10:30:00,432.05,432.44,430.64,431.58,107278
2026-08-21T11:00:00,431.58,433.63,427.54,430.09,112051
2026-08-21T11:30:00,430.09,432.49,428.27,430.53,169356
2026-08-21T12:00:00,430.53,433.07,428.71,430.88,216425
2026-08-21T12:30:00,430.88,433.63,429.46,431.80,244890
2026-08-21T13:00:00,431.80,434.45,430.48,434.30,237053
2026-08-21T13:30:00,434.30,436.37,432.42,436.00,172052
2026-08-21T14:00:00,436.00,436.28,432.80,434.93,120509
2026-08-21T14:30:00,434.93,436.04,433.28,434.57,232512
2026-08-21T15:00:00,434.57,437.51,433.10,436.13,219303
2026-08-21T15:30:00,436.13,437.93,436.00,436.94,96880